<?xml version="1.0" encoding="utf-8"?>
<widget xmlns="http://openajax.org/metadata" spec="1.0" id="tag:adobe.com,2012-03:edge:oam:compid:EDGE-20745423" name="animation_Enfant" version="1">

  <description type="text/html"><![CDATA[Widget Exported from Adobe Edge]]></description>
  <category name="Adobe Edge Animation"/>

  <remarks>Compatible with: InDesign CS6, Dreamweaver</remarks>

  <icon src="transparent.png" width="837" height="500" />

  <require type="other" src="animation_Enfant.html" />

  <require type="javascript" src="animation_Enfant_edge.js" />
  <require type="javascript" src="animation_Enfant_edgeActions.js" />
  <require type="javascript" src="animation_Enfant_edgePreload.js" />
  <require type="javascript" src="edge_includes/edge.3.0.0.min.js" />
  <require type="javascript" src="edge_includes/jquery-2.0.3.min.js" />

  <require type="image" src="transparent.png" />
  <require type="image" src="images/BULLE_FILLE.png" />
  <require type="image" src="images/BULLE_GARCON.png" />
  <require type="image" src="images/FILLE.png" />
  <require type="image" src="images/GARCON.png" />
  <require type="image" src="images/left_arrow.png" />
  <require type="image" src="images/MAIN_FILLE.png" />
  <require type="image" src="images/MAIN_GARCON.png" />
  <require type="image" src="images/Poster.png" />
  <require type="image" src="images/right_arrow.png" />

  <require type="folder" src="edge_includes" />
  <require type="folder" src="images" />


  <content><![CDATA[
    <div class="EDGE-20745423"></div>
  ]]></content>
   
  <properties name="Properties">
    <property name="default-width" defaultValue="837" hidden="true"/>
    <property name="default-height" defaultValue="500" hidden="true"/>
    <property name="resizable" defaultValue="false" hidden="true"/>
    <property name="use-chrome-frame" defaultValue="false" hidden="true"/>
    <property name="chrome-frame-installer" defaultValue="" hidden="true"/>				
		<property name="centering" defaultValue="horizontal" hidden="true"/>				
		<property name="scaling" defaultValue="none" hidden="true"/>
    <property name="html-page" defaultValue="animation_Enfant.html" hidden="true"/>
  </properties>

</widget>
